,user,id,parent
0,frjo,c13,t3_17863
1,zse7zse,c14,t3_17866
2,[deleted],c15,t3_17869
3,[deleted],c16,t3_17870
4,rjoseph,c17,t3_17817
5,[deleted],c18,t3_17710
6,cavedave,c19,t3_17876
7,b0se,c20,t3_17878
8,damir,c21,t3_17890
9,richardk74,c22,t3_17901
10,kn0thing,c24,t3_17830
11,bugbear,c26,t3_17844
12,[deleted],c27,t3_17844
13,[deleted],c29,t3_17844
14,[deleted],c30,t3_17844
15,[deleted],c31,t3_17844
16,[deleted],c32,t3_17844
17,AaronSw,c33,t1_c29
18,AaronSw,c35,t1_c33
19,fnord123,c36,t3_17844
20,AaronSw,c37,t1_c36
21,ssundar78,c38,t3_17844
22,ssundar78,c39,t3_17831
23,AaronSw,c40,t1_c24
24,zlayde,c41,t3_17922
25,jarsonic,c42,t3_17706
26,[deleted],c44,t3_17861
27,zimba,c45,t3_17844
28,zimba,c46,t3_17881
29,[deleted],c47,t3_17844
30,hellfire,c49,t3_17844
31,bugbear,c50,t1_c36
32,charlieb,c51,t3_17913
33,qwerty,c52,t3_17943
34,spez,c53,t3_17942
35,mrevelle,c56,t3_17919
36,bugbear,c58,t3_17963
37,bugbear,c59,t3_17882
38,mckirkus,c60,t3_17913
39,dylanm,c61,t3_17913
40,theycallmemorty,c62,t3_17913
41,vibz,c63,t3_17972
42,dylanm,c64,t3_17969
43,charlieb,c66,t3_17913
44,swwoodruff,c67,t3_17973
45,tcervl,c68,t3_17913
46,[deleted],c69,t3_17974
47,[deleted],c70,t3_17974
48,senzei,c71,t3_17921
49,theycallmemorty,c72,t3_4632
50,[deleted],c73,t3_17913
51,[deleted],c74,t3_17913
52,[deleted],c75,t1_c50
53,[deleted],c76,t1_c61
54,dylanm,c77,t1_c74
55,saugerties,c78,t3_17987
56,[deleted],c79,t3_17913
57,dylanm,c80,t3_17978
58,spez,c81,t1_c74
59,AaronSw,c82,t1_c76
60,spez,c83,t1_c73
61,alecb,c84,t1_c66
62,JimThome,c85,t1_c76
63,dylanm,c86,t1_c83
64,[deleted],c88,t1_c75
65,[deleted],c89,t3_17913
66,spez,c90,t1_c86
67,radikal,c91,t1_c58
68,kn0thing,c92,t3_17882
69,fergie,c93,t1_c84
70,dylanm,c94,t1_c85
71,spez,c95,t1_c88
72,theycallmemorty,c96,t1_c93
73,JimThome,c97,t1_c66
74,theycallmemorty,c98,t3_17975
75,hopper,c99,t3_17942
76,kanagawa,c1000,t3_19542
77,fnord123,c1001,t1_c966
78,kopikat,c1002,t3_19542
79,[deleted],c1003,t3_19542
80,singollo,c1005,t3_19623
81,kn0thing,c1011,t1_c994
82,tealeg,c1012,t3_19542
83,Hexren,c1013,t3_19509
84,willis3000,c1015,t3_19640
85,hartshorne,c1019,t3_19647
86,e40,c1020,t1_c1016
87,e40,c1023,t3_19619
88,e40,c1026,t3_19640
89,[deleted],c1027,t1_c1020
90,e40,c1029,t1_c1027
91,Zak,c1030,t1_c1024
92,e40,c1032,t3_18789
93,[deleted],c1033,t3_19482
94,littlejedi,c1035,t1_c1029
95,[deleted],c1037,t1_c1003
96,littlejedi,c1038,t1_c979
97,mnemonicsloth,c1040,t3_19643
98,austinb,c1043,t1_c1040
99,mnemonicsloth,c1045,t1_c1043
100,hopper,c1046,t1_c1027
101,JimThome,c1047,t3_19655
102,[deleted],c1049,t3_19521
103,[deleted],c1050,t1_c1026
104,dipfan,c1052,t1_c1021
105,mattknox,c1054,t1_c1053
106,[deleted],c1056,t1_c1047
107,James,c1057,t1_c1021
108,[deleted],c1058,t1_c1018
109,[deleted],c1059,t3_19619
110,mikepurvis,c1652,t3_20720
111,enjahova,c1654,t1_c1638
112,schmengebrother,c1655,t3_20469
113,schmengebrother,c1656,t3_20626
114,hopper,c1658,t3_20220
115,mulcher,c1659,t1_c1654
116,[deleted],c1662,t3_20565
117,wjv,c1663,t3_18778
118,Taladar,c1664,t3_20714
119,[deleted],c1665,t1_c1639
120,theycallmemorty,c1666,t3_20356
121,Taladar,c1668,t3_20715
122,atlcs111,c1669,t3_20663
123,fnord123,c1674,t1_c1575
124,enjahova,c1677,t1_c1659
125,mckirkus,c1679,t3_20519
126,wjv,c1681,t3_4530
127,Grue,c1682,t3_20798
128,bonsaigiant,c1683,t3_20677
129,e40,c1685,t3_20806
130,[deleted],c1687,t3_20519
131,wjv,c1689,t1_c1679
132,samrobb,c1691,t3_20677
133,JimThome,c1692,t3_20609
134,hrdan,c1694,t3_20826
135,wjv,c1695,t3_5018
136,enjahova,c1696,t1_c1679
137,enjahova,c1698,t1_c1665
138,aGorilla,c1699,t3_20766
139,enjahova,c1700,t1_c1692
140,enjahova,c1701,t3_20798
141,mckirkus,c1702,t3_20714
142,wjv,c1704,t3_20824
143,dpatch,c1705,t3_20846
144,ntoshev,c1706,t3_20775
145,Electronica,c1708,t3_13218
146,[deleted],c1710,t3_20869
147,theycallmemorty,c1711,t3_20792
148,theycallmemorty,c1712,t3_20855
149,jetboat,c1714,t3_20714
150,BioGeek,c1715,t3_20556
151,michaelneale,c1717,t3_20779
152,Schwallex,c1718,t1_c1712
153,[deleted],c1719,t3_20775
154,milkk,c1720,t1_c1710
155,[deleted],c1722,t3_20829
156,mulcher,c1724,t3_20860
157,Schwallex,c1725,t1_c1699
158,quamaretto,c1727,t3_20779
159,lgv,c1729,t3_20890
160,mvbma,c1730,t3_20775
161,paulgraham,c1732,t1_c1730
162,japple,c1733,t3_20741
163,flaxeater,c1734,t3_20472
164,bstadil,c1735,t3_20918
165,beza1e1,c1736,t1_c1732
166,jobicoppola,c1737,t3_20919
167,mrbill,c1738,t3_20896
168,paulgraham,c1739,t1_c1592
169,adnam,c1740,t3_20775
170,adnam,c1741,t3_20816
171,jobicoppola,c1742,t3_20926
172,adnam,c1743,t1_c1718
173,[deleted],c1744,t1_c1708
174,mvbma,c1745,t3_20775
175,DougBTX,c1746,t1_c1736
176,James,c1747,t3_20855
177,fnord123,c1748,t1_c1714
178,lupin_sansei,c1749,t1_c1691
179,bmcusick,c1750,t3_20775
180,borga,c1751,t3_20905
181,pricew,c1752,t3_20944
182,[deleted],c1753,t3_20940
183,steeled3,c1755,t3_20956
184,[deleted],c1756,t1_c1706
185,adherent,c1758,t3_20775
186,paulgraham,c1759,t1_c1740
187,nonex,c1760,t3_20964
188,chadparker,c1761,t1_c1712
189,trost,c1762,t3_20741
190,[deleted],c1763,t3_20967
191,andymoe,c1764,t3_20957
192,lupin_sansei,c1765,t3_20677
193,JohnKnight,c1766,t3_20962
194,wackywendell,c1767,t3_20829
195,[deleted],c1768,t3_20969
196,wyclif,c1769,t3_20714
197,dylanm,c1770,t3_20946
198,cboshuizen,c1771,t3_20969
199,sunson,c1772,t3_20860
200,wyclif,c1773,t1_c1766
201,mattknox,c1774,t1_c1771
202,mattknox,c1775,t1_c1759
203,mattknox,c1776,t1_c1750
204,[deleted],c1777,t3_20962
205,ntoshev,c1780,t1_c1756
206,swwoodruff,c1781,t3_9025
207,swwoodruff,c1782,t3_9025
208,nezzerball,c1783,t3_21004
209,kamen,c1784,t3_20995
210,[deleted],c1785,t3_20962
211,[deleted],c1786,t3_20962
212,[deleted],c1787,t3_20998
213,[deleted],c1788,t3_20836
214,bagman101,c1790,t3_21007
215,[deleted],c1791,t3_21006
216,adnam,c1792,t3_20836
217,christmasgorilla,c1796,t3_21028
218,davidw,c1797,t3_20775
219,beza1e1,c1800,t1_c1774
220,bosk,c1801,t3_20775
221,paulgraham,c1802,t1_c1801
222,aurele,c1803,t3_20997
223,bwringer,c1804,t3_20775
224,bosk,c1805,t1_c1802
225,alv,c1806,t3_21054
226,pdxmph,c1807,t3_21004
227,[deleted],c1808,t3_20779
228,[deleted],c1809,t3_20714
229,bstard,c1810,t3_21054
230,paulgraham,c1811,t1_c1805
231,billym,c1812,t3_8871
232,[deleted],c1813,t3_20798
233,batkins,c1814,t3_21054
234,amegan,c1815,t3_21116
235,xamdam,c1816,t1_c1810
236,flaxeater,c1817,t3_21075
237,[deleted],c1818,t3_21072
238,muiker,c1819,t3_21004
239,GiM,c1820,t3_20775
240,dextr0us,c1822,t3_21139
241,fnord123,c1823,t3_21054
242,zolo,c1824,t1_c1786
243,cg84,c1825,t3_20775
244,[deleted],c1826,t1_c1816
245,[deleted],c1827,t1_c1817
246,keithb,c1828,t1_c1575
247,[deleted],c1829,t3_21095
248,schmave,c1830,t3_21095
249,lambert_strether,c1831,t3_21166
250,markxx,c1832,t3_21167
251,[deleted],c1833,t3_21167
252,paulgraham,c1834,t1_c1825
253,markxx,c1835,t3_21167
254,[deleted],c1836,t3_21157
255,paulgraham,c1837,t1_c1820
256,bathow,c1838,t3_21174
257,[deleted],c1839,t3_21043
258,mattknox,c1840,t1_c1834
259,dstowell,c1841,t3_21129
260,cyeh,c1842,t3_20775
261,George,c1843,t3_21120
262,goodgoblin,c1844,t3_21060
263,mschroebel,c1845,t3_21192
264,binladen,c1846,t1_c1840
265,noahlt,c1847,t3_21054
266,[deleted],c1848,t3_21054
267,[deleted],c1849,t1_c1841
268,steeled3,c1850,t3_20659
269,lambert_strether,c1851,t3_14499
270,Rawkerdude,c1852,t3_21199
271,jobicoppola,c1854,t3_21199
272,kelyse,c1855,t3_21088
273,[deleted],c1856,t3_21085
274,mikepurvis,c1858,t3_20952
275,e40,c1859,t3_21199
276,trost,c1861,t1_c1844
277,TronXD,c1863,t1_c1844
278,TronXD,c1864,t3_21088
279,[deleted],c1865,t3_20519
280,lambert_strether,c1866,t3_21222
281,[deleted],c1867,t3_20775
282,neilk,c1868,t3_20775
283,[deleted],c1869,t3_21129
284,reddit_doe,c1871,t1_c1830
285,reddit_doe,c1872,t1_c1844
286,reddit_doe,c1873,t3_21206
287,altano,c1874,t3_21088
288,hhg,c1875,t3_21193
289,msyed,c1876,t3_21213
290,fnord123,c1878,t1_c1876
291,[deleted],c1879,t1_c1844
292,robbie,c1880,t3_21199
293,msyed,c1881,t3_21129
294,chu,c1883,t1_c1863
295,Taladar,c1884,t3_21129
296,paulgraham,c1885,t1_c1840
297,yaginuma,c1886,t3_21088
298,chu,c1887,t1_c1844
299,lgv,c1888,t3_21249
300,dfan,c1889,t3_21261
301,lynxcat73,c1890,t3_21249
302,[deleted],c1891,t3_21249
303,lgv,c1892,t1_c1890
304,percyx,c1893,t3_21259
305,dstowell,c1894,t3_21259
306,jcage,c1895,t3_21259
307,quentinnuk,c1896,t3_21282
308,cg84,c1897,t1_c1885
309,paulgraham,c1898,t1_c1895
310,jpedrosa,c1899,t3_21259
311,swapneel,c1900,t3_21284
312,swapneel,c1901,t3_21285
313,jcage,c1902,t1_c1898
314,cavedave,c1903,t3_21075
315,HiggsBoson,c1904,t3_21259
316,[deleted],c1905,t1_c1895
317,kartik_vad,c1906,t1_c1895
318,DanTilkin,c1907,t1_c1836
319,lynxcat73,c1908,t3_21288
320,bugbear,c1909,t3_21272
321,[deleted],c1910,t3_21295
322,ibsulon,c1911,t3_21249
323,ibsulon,c1912,t1_c1901
324,[deleted],c1913,t3_21261
325,e40,c1914,t3_21280
326,RyanGWU82,c1915,t3_21264
327,brendankohler,c1916,t3_21259
328,bobble,c1917,t3_21259
329,jcage,c1918,t3_21285
330,dfranke,c1919,t3_21259
331,mattknox,c1920,t1_c1885
332,enjahova,c1921,t3_21264
333,binladen,c1922,t3_21259
334,maximelt,c1923,t3_21305
335,enjahova,c1924,t1_c1894
336,lynxcat73,c1925,t3_21282
337,mjakl,c1926,t1_c1923
338,davidw,c1927,t3_21259
339,davidw,c1928,t1_c1879
340,stesch,c1929,t3_21298
341,jcage,c1930,t3_21298
342,jcage,c1931,t3_21298
343,dstowell,c1932,t1_c1913
344,poxy1,c1933,t3_21312
345,trost,c1934,t3_21249
346,[deleted],c1935,t3_21261
347,zlotnik,c1936,t1_c1930
348,mattknox,c1937,t3_21259
349,llama-lime,c1938,t1_c1914
350,lynxcat73,c1939,t3_21320
351,[deleted],c1940,t3_21318
352,antirez,c1941,t3_21259
353,[deleted],c1942,t3_21259
354,willis3000,c1943,t1_c1936
355,chu,c1944,t3_21264
356,[deleted],c1945,t1_c1895
357,priestess,c1946,t3_21259
358,[deleted],c1947,t1_c1946
359,adamc,c1948,t3_21337
360,chao,c1949,t3_21259
361,michaelneale,c1950,t3_21259
362,michaelneale,c1951,t1_c1919
363,michaelneale,c1952,t1_c1942
364,michaelneale,c1953,t1_c1941
365,[deleted],c1954,t3_21259
366,schwarzwald,c1955,t3_21229
367,Psy-Kosh,c1956,t1_c1890
368,Zak,c1957,t1_c1949
369,randallsquared,c1958,t3_21366
370,culix,c1959,t3_21206
371,[deleted],c1960,t1_c1957
372,michaelneale,c1961,t3_21337
373,[deleted],c1962,t3_21264
374,michaelneale,c1963,t1_c1943
375,[deleted],c1964,t3_21374
376,RyanGWU82,c1965,t1_c1963
377,michaelneale,c1966,t1_c1965
378,Maxy,c1967,t3_21339
379,karcass,c1968,t3_21352
380,enkrates,c1969,t3_19521
381,verec,c1970,t3_21259
382,natmaka,c1971,t3_21386
383,[deleted],c1972,t3_21280
384,mbrezu,c1973,t1_c1967
385,[deleted],c1974,t1_c1947
386,polexa,c1975,t3_20072
387,priestess,c1976,t1_c1974
388,muiker,c1977,t3_21280
389,beza1e1,c1978,t3_21259
390,stevesan,c1979,t3_21280
391,Taladar,c1980,t3_21337
392,keithb,c1981,t3_21237
393,instantdm,c1982,t3_21298
394,dstowell,c1983,t3_21339
395,karcass,c1984,t3_21387
396,mattjb,c1985,t3_21264
397,[deleted],c1986,t3_21387
398,kbk,c1987,t3_21264
399,lynxcat73,c1988,t1_c1956
400,yaginuma,c1989,t3_21387
401,lambert_strether,c1990,t3_21415
402,paulgraham,c1991,t1_c1949
403,paulgraham,c1992,t1_c1978
404,TronXD,c1993,t3_21387
405,polexa,c1994,t3_21264
406,pdxmph,c1995,t3_21381
407,[deleted],c1996,t3_21187
408,cg84,c1997,t3_21259
409,alv,c1998,t3_21339
410,[deleted],c1999,t3_21259
411,yaginuma,c2000,t3_21417
412,[deleted],c2001,t3_21431
413,[deleted],c2002,t3_21431
414,[deleted],c2003,t3_19783
415,mattknox,c2004,t1_c1967
416,dstowell,c2005,t1_c1999
417,OldCoder,c2006,t3_20775
418,karcass,c2007,t3_21264
419,sayhar,c2009,t3_21369
420,modulo,c2010,t3_21269
421,fshahriar,c2011,t3_21120
422,chao,c2012,t3_21437
423,[deleted],c2013,t3_21404
424,willis3000,c2014,t1_c1995
425,connor,c2015,t3_21387
426,stesch,c2016,t3_21387
427,riverhood,c2017,t3_21374
428,lionheart,c2018,t3_21088
429,ravidor,c2019,t3_21442
430,karcass,c2021,t3_21407
431,[deleted],c2022,t3_21369
432,ralsina,c2023,t1_c1864
433,[deleted],c2025,t3_21369
434,robballan,c2026,t3_21381
435,chefranden,c2027,t3_15326
436,mheiler,c2028,t3_21407
437,BJThunderstone,c2029,t3_21259
438,BJThunderstone,c2030,t1_c1919
439,[deleted],c2031,t3_21415
440,soegaard,c2032,t3_21407
441,BJThunderstone,c2033,t3_21352
442,psykotic,c2034,t3_21426
443,brickle,c2035,t3_21259
444,Zak,c2036,t1_c1960
445,[deleted],c2037,t1_c1991
446,Zak,c2038,t1_c1976
447,bugmenot,c2039,t3_21259
448,[deleted],c2040,t1_c1957
449,rhawkins,c2041,t3_21264
450,[deleted],c2042,t1_c2034
451,[deleted],c2043,t3_21439
452,drosser,c2044,t3_21280
453,[deleted],c2045,t3_21444
454,[deleted],c2046,t3_21433
455,michaelneale,c2047,t3_21264
456,psykotic,c2049,t1_c2034
457,priestess,c2050,t1_c2038
458,tricky_t,c2051,t3_21259
459,akkartik,c2053,t3_21384
460,yaginuma,c2055,t3_21440
461,tghw,c2056,t3_21426
462,Maxy,c2057,t3_21426
463,JanetR,c2058,t3_20385
464,dstowell,c2059,t1_c2057
465,TronXD,c2060,t3_21440
466,Kristina,c2061,t3_21259
467,krypt,c2062,t3_13218
468,[deleted],c2063,t3_21369
469,[deleted],c2064,t3_21481
470,polexa,c2065,t3_21440
471,chase,c2066,t3_21259
472,sapphire,c2067,t3_21493
473,BioGeek,c2068,t3_21488
474,AJTSheppard,c2069,t3_21259
475,rubicon,c2070,t3_21440
476,stronimo,c2071,t1_c2055
477,stronimo,c2072,t1_c2070
478,stronimo,c2073,t1_c2060
479,davidw,c2074,t1_c2059
480,Isomorph,c2076,t3_21259
481,mheiler,c2077,t1_c2032
482,OldCoder,c2078,t3_21259
483,david4scb,c2079,t3_20775
484,symbiont,c2080,t3_15805
485,jcage,c2081,t1_c1997
486,watkeys,c2083,t1_c2049
487,stesch,c2084,t3_21521
488,psykotic,c2085,t1_c2083
489,[deleted],c2087,t3_21417
490,jwells,c2089,t1_c1970
491,watkeys,c2090,t1_c2085
492,randallsquared,c2092,t1_c2066
493,lgv,c2093,t3_21587
494,psykotic,c2094,t1_c2090
495,mblais,c2095,t3_21259
496,chu,c2096,t3_21535
497,psykotic,c2097,t1_c2090
498,jlaudun,c2098,t3_21259
499,sptrashcan,c2101,t3_21426
500,psykotic,c2102,t1_c2101
501,cg84,c2103,t3_21509
502,joeduck,c2104,t3_21259
503,karcass,c2105,t1_c2070
504,akkartik,c2106,t3_21538
505,jerry,c2107,t3_21443
506,dgreenwood,c2108,t3_21325
507,berlinbrown,c2109,t3_21259
508,stiennon,c2110,t3_21608
509,brendankohler,c2111,t1_c2107
510,elisboa,c2112,t3_21259
511,jcage,c2114,t3_21577
512,samf,c2115,t1_c2111
513,davidw,c2116,t3_21602
514,jpb,c2117,t1_c2103
515,trost,c2118,t3_21589
516,MaruSaru,c2119,t3_21509
517,arkas,c2120,t3_21259
518,trost,c2122,t1_c1934
519,jerry,c2123,t1_c2111
520,jerry,c2124,t1_c2115
521,adamc,c2125,t1_c1961
522,[deleted],c2126,t3_21538
523,[deleted],c2127,t3_21356
524,adamc,c2128,t1_c1895
525,[deleted],c2129,t3_21589
526,ntoshev,c2130,t3_13218
527,oofoe,c2131,t3_21464
528,[deleted],c2132,t3_21535
529,flaxeater,c2133,t3_21509
530,adamc,c2134,t3_21634
531,adamc,c2135,t3_21595
532,pielud,c2136,t3_21634
533,lambert_strether,c2137,t3_21648
534,mhb,c2138,t3_21440
535,chu,c2139,t3_21635
536,english_guy_78,c2140,t3_21595
537,JimThome,c2141,t1_c2138
538,goodgoblin,c2142,t3_21653
539,Zak,c2143,t3_21602
540,greenman,c2144,t3_21635
541,michaelneale,c2145,t3_21602
542,dfranke,c2146,t1_c2084
543,brendankohler,c2147,t3_21651
544,chime,c2148,t3_21638
545,adi,c2149,t3_21533
546,raldi,c2150,t3_17336
547,TronXD,c2151,t1_c2073
548,TronXD,c2152,t1_c2072
549,symbiont,c2153,t3_21576
550,symbiont,c2154,t3_21575
551,symbiont,c2155,t3_21574
552,symbiont,c2156,t3_21573
553,symbiont,c2157,t3_21571
554,symbiont,c2158,t3_21570
555,symbiont,c2159,t3_21569
556,symbiont,c2160,t3_21568
557,symbiont,c2161,t3_21566
558,symbiont,c2162,t3_21572
559,lupin_sansei,c2163,t1_c1856
560,schubart,c2164,t3_21654
561,mlibbrecht,c2165,t1_c2069
562,[deleted],c2166,t3_21551
563,[deleted],c2167,t1_c2107
564,stesch,c2168,t1_c2142
565,gabash,c2169,t3_21670
566,allenbrunson,c2170,t3_21259
567,BJThunderstone,c2171,t3_21577
568,chu,c2172,t3_21656
569,[deleted],c2173,t3_21656
570,bederson,c2174,t3_21440
571,chu,c2175,t3_21626
572,martin77,c2176,t3_21686
573,joaoma,c2177,t3_21602
574,[deleted],c2178,t3_21665
575,jdh30,c2179,t1_c2077
576,jamesfish,c2180,t3_20775
577,Grymjack,c2181,t3_21574
578,jdh30,c2182,t1_c2028
579,fnord123,c2183,t3_21660
580,fnord123,c2184,t1_c2147
581,barryfandango,c2185,t3_21535
582,rs79,c2186,t3_21259
583,littlejedi,c2187,t3_21709
584,robodale,c2188,t3_21665
585,bigmrcia,c2189,t3_21722
586,cainan,c2190,t3_20775
587,[deleted],c2191,t3_21712
588,mrevelle,c2192,t1_c2147
589,jcage,c2193,t3_21724
590,embryp,c2194,t3_21259
591,[deleted],c2195,t3_21729
592,quentinnuk,c2196,t3_21535
593,fnord123,c2197,t3_21259
594,[deleted],c2198,t3_21509
595,brinkost,c2199,t3_21737
596,jpescatore,c2200,t3_21717
597,[deleted],c2201,t1_c2196
598,[deleted],c2203,t1_c2185
599,quamaretto,c2204,t3_21737
600,unohoo,c2205,t3_21712
601,unohoo,c2206,t1_c2191
602,kopikat,c2207,t3_21769
603,quamaretto,c2208,t3_21769
604,[deleted],c2209,t1_c2193
605,dfan,c2210,t3_21728
606,[deleted],c2211,t3_21733
607,arjunbanker,c2212,t3_21733
608,now,c2213,t3_21665
609,lynxcat73,c2214,t3_21770
610,jcage,c2215,t3_21733
611,lynxcat73,c2216,t3_21765
612,lgv,c2217,t3_21757
613,Donut,c2218,t3_21737
614,pdxmph,c2219,t3_21665
615,sburkett,c2220,t3_21781
616,ralsina,c2221,t3_21782
617,dpatru,c2223,t3_21489
618,chindogucci,c2224,t3_18572
619,beastboy,c2225,t3_21656
620,[deleted],c2226,t3_21660
621,drewyates,c2227,t3_21535
622,tghw,c2228,t3_21521
623,rad_thundercat,c2229,t3_21766
624,drewyates,c2230,t3_21724
625,drewyates,c2231,t3_21712
626,drewyates,c2233,t3_21717
627,cheetah007,c2234,t3_21803
628,Zarutian,c2235,t3_21784
629,[deleted],c2236,t3_21626
630,juanvellido,c2237,t3_21811
631,misterwilliam,c2238,t3_18984
632,[deleted],c2239,t3_21563
633,gutter,c2240,t3_21750
634,mhb,c2241,t1_c2141
635,[deleted],c2242,t3_21381
636,mleonhard,c2243,t3_21782
637,[deleted],c2244,t3_21757
638,paulgraham,c2245,t1_c2197
639,initself,c2246,t3_21691
640,[deleted],c2247,t3_21784
641,consumer,c2248,t3_21782
642,rad_thundercat,c2249,t1_c2246
643,jedberg,c2250,t3_21668
644,Taladar,c2251,t3_21782
645,paulgraham,c2252,t1_c2120
646,symbiont,c2253,t1_c2215
647,mnemonicsloth,c2254,t3_21737
648,[deleted],c2255,t3_21766
649,austinb,c2256,t1_c2225
650,rzwitserloot,c2258,t3_21775
651,jda,c2259,t3_11851
652,Nicolay77,c2260,t1_c2170
653,beastboy,c2261,t3_21732
654,TriedAndTested,c2262,t3_21616
655,allenbrunson,c2263,t1_c2260
656,spez,c2264,t3_21782
657,DonXML,c2265,t3_21665
658,allenbrunson,c2266,t1_c2245
659,pdxmph,c2267,t1_c2265
660,rubyfan,c2268,t3_21782
661,joemama,c2269,t3_21847
662,symbiont,c2270,t3_21838
663,symbiont,c2271,t1_c2204
664,symbiont,c2272,t1_c2233
665,[deleted],c2273,t3_21854
666,psantora,c2274,t1_c2132
667,mattj,c2275,t3_21717
668,enjahova,c2276,t3_21796
669,hartshorne,c2277,t3_21841
670,jedberg,c2278,t3_21841
671,TronXD,c2279,t1_c2278
672,[deleted],c2280,t1_c2270
673,e40,c2281,t3_21858
674,emailit2me,c2282,t3_20775
675,TriedAndTested,c2283,t3_21862
676,flabbah,c2284,t1_c2278
677,willfe,c2285,t1_c2284
678,flabbah,c2286,t1_c2285
679,poxy1,c2287,t3_21877
680,ih8evilstuff,c2289,t3_21880
681,sempf,c2292,t3_21875
682,mdvaldosta,c2294,t3_21904
683,ralsina,c2296,t3_21895
684,[deleted],c2297,t3_21875
685,[deleted],c2298,t3_21895
686,stesch,c2299,t3_21875
687,vreublogs,c2300,t3_21920
688,Taladar,c2302,t3_21796
689,[deleted],c2303,t3_21784
690,stesch,c2304,t3_21913
691,stesch,c2305,t3_21784
692,[deleted],c2306,t3_21660
693,goodgoblin,c2307,t3_21823
694,[deleted],c2309,t3_21913
695,TBoneWalker,c2311,t3_21841
696,[deleted],c2312,t1_c2229
697,[deleted],c2313,t3_21759
698,paulgraham,c2315,t3_21918
699,kv9,c2316,t3_21782
700,padmak8,c2317,t3_21956
701,padmak8,c2318,t3_21813
702,tinfoil,c2319,t3_21841
703,kv9,c2320,t1_c2268
704,sonyatolls,c2321,t3_21956
705,padmak8,c2322,t3_12242
706,padmak8,c2323,t3_21950
707,lynxcat73,c2324,t3_21962
708,Quicksilver,c2325,t3_21766
709,AtlanticBlue99,c2326,t3_21904
710,AtlanticBlue99,c2327,t3_21275
711,AtlanticBlue99,c2328,t3_21272
712,zlotnik,c2329,t3_21918
713,asardar,c2330,t1_c2255
714,bugbear,c2331,t1_c2095
715,ralsina,c2332,t3_21975
716,spolsky,c2333,t3_21980
717,chu,c2334,t1_c2286
718,connor,c2335,t3_21813
719,beza1e1,c2336,t1_c2329
720,tghw,c2337,t3_21918
721,gabe0505,c2338,t3_21919
722,arkas,c2339,t1_c2252
723,[deleted],c2340,t1_c2255
724,mario,c2341,t3_21919
725,mxshepard,c2342,t3_21986
726,stesch,c2343,t3_21918
727,wyclif,c2344,t3_21813
728,vyatkin,c2346,t3_21979
729,flabbah,c2347,t3_21841
730,bitz,c2348,t3_21918
731,dhain,c2349,t3_21979
732,Schwallex,c2350,t1_c2334
733,willfe,c2351,t1_c2286
734,JonathanGCohen,c2352,t3_22004
735,nirs,c2353,t3_21979
736,slmnhq,c2354,t3_22009
737,tcervl,c2355,t1_c2286
738,beastboy,c2356,t1_c2315
739,JonathanGCohen,c2357,t3_22016
740,cultfigure,c2358,t1_c2341
741,[deleted],c2359,t3_22015
742,bugbear,c2360,t1_c2348
743,root,c2361,t1_c2356
744,gizma,c2362,t3_21799
745,bugbear,c2363,t1_c2342
746,cera,c2364,t1_c2315
747,stesch,c2365,t1_c2315
748,MrCalifornia,c2366,t1_c2292
749,dfan,c2367,t3_22024
750,mnemonicsloth,c2368,t3_21864
751,mleonhard,c2369,t3_21979
752,rdtiii,c2370,t3_22015
753,chu,c2371,t1_c2350
754,bolinfest,c2372,t1_c393
755,penthi,c2373,t3_21918
756,plonk,c2374,t1_c1745
757,[deleted],c2375,t3_21979
758,JimThome,c2376,t1_c2368
759,schmengebrother,c2377,t3_21862
760,bugbear,c2378,t3_22050
761,dfan,c2379,t3_22051
762,schwarzwald,c2380,t3_21918
763,jsrn,c2381,t1_c2379
764,flabbah,c2382,t1_c2351
765,alien,c2383,t3_22061
766,symbiont,c2384,t1_c2361
767,[deleted],c2385,t1_c2364
768,alwyn,c2386,t3_21979
769,[deleted],c2387,t3_21259
770,jedberg,c2388,t1_c2279
771,michaelneale,c2389,t3_21966
772,darrint,c2390,t3_22044
773,[deleted],c2391,t1_c2315
774,spez,c2392,t3_21918
775,drewyates,c2393,t1_c2344
776,symbiont,c2394,t3_21919
777,drewyates,c2395,t3_22035
778,Elliot,c2397,t3_21259
779,TriedAndTested,c2398,t3_21970
780,d129979e,c2399,t3_22029
781,mikes,c2400,t3_21841
782,dfobare,c2401,t3_22082
783,littlejedi,c2402,t3_22080
784,asardar,c2403,t1_c2370
785,[deleted],c2404,t3_22045
786,batkins,c2405,t3_15980
787,michaelneale,c2406,t3_22086
788,dpatru,c2407,t3_22082
789,commonmedia,c2409,t3_22099
790,littlejedi,c2410,t3_22098
791,bigheadarmy,c2411,t1_c2395
792,keizo,c2412,t3_21860
793,[deleted],c2413,t3_22110
794,drewyates,c2414,t1_c2411
795,fnord123,c2415,t1_c2329
796,aurele,c2416,t3_22113
797,cavedave,c2417,t3_22113
798,now,c2418,t3_22077
799,scott_kirkwood,c2419,t3_21895
800,mxshepard,c2420,t3_22072
801,gernika,c2421,t3_22050
802,[deleted],c2422,t3_22114
803,paulgraham,c2423,t1_c2421
804,hnautiyal,c2424,t3_22095
805,martin77,c2425,t3_22128
806,boudym,c2426,t3_22138
807,[deleted],c2427,t3_22045
808,Harkins,c2428,t3_21875
809,batkins,c2429,t3_22114
810,[deleted],c2430,t3_22118
811,[deleted],c2431,t3_22148
812,[deleted],c2432,t3_22077
813,unlimited,c2433,t3_22086
814,roorks,c2434,t3_21485
815,mckirkus,c2435,t3_22050
816,zzztimbo,c2436,t1_c2389
817,schwarzwald,c2437,t3_22097
818,[deleted],c2438,t3_22150
819,rdtiii,c2439,t3_22123
820,rdtiii,c2440,t3_22140
821,zzztimbo,c2441,t3_22142
822,rdtiii,c2442,t3_22148
823,vukan,c2444,t3_22178
824,sptrashcan,c2445,t3_21918
825,vukan,c2446,t3_22180
826,vukan,c2447,t3_22180
827,cg84,c2448,t3_22114
828,cavedave,c2449,t3_22115
829,topher46,c2450,t3_21259
830,JonathanGCohen,c2452,t3_22188
831,tiktok,c2453,t3_22194
832,chewie,c2455,t3_22198
833,lionheart,c2459,t3_22107
834,Schwallex,c2460,t1_c2371
835,[deleted],c2461,t3_22199
836,[deleted],c2462,t3_22199
837,highhair20,c2463,t3_22207
838,Schwallex,c2464,t1_c2319
839,[deleted],c2465,t1_c2385
840,borga,c2466,t3_22200
841,dguertin,c2467,t3_22199
842,MrCalifornia,c2468,t3_22148
843,cultfigure,c2469,t1_c2429
844,[deleted],c2470,t3_22199
845,mnemonicsloth,c2471,t3_22118
846,brendankohler,c2472,t3_22199
847,[deleted],c2473,t3_22107
848,HappyMutant,c2474,t1_c2459
849,alexander,c2475,t3_22208
850,exogen,c2476,t3_22199
851,smack,c2477,t3_22199
852,FutureAEI,c2478,t3_22199
853,beza1e1,c2479,t1_c2476
854,[deleted],c2480,t1_c2424
855,mattknox,c2481,t3_22199
856,senzei,c2482,t1_c1895
857,ediggs,c2483,t3_22220
858,ediggs,c2484,t3_22222
859,beza1e1,c2485,t3_22187
860,arakyd,c2486,t1_c2477
861,freshyill,c2487,t3_22200
862,mattknox,c2488,t3_22199
863,sketerpot,c2489,t1_c2462
864,beastboy,c2490,t3_22199
865,khodel,c2491,t1_c2331
866,khodel,c2492,t3_538
867,chu,c2493,t1_c2442
868,michaelneale,c2494,t3_22199
869,michaelneale,c2495,t1_c2488
870,herdrick,c2496,t3_22236
871,Schwallex,c2497,t3_22175
872,batkins,c2498,t1_c2494
873,cehrenpreis,c2499,t3_20775
874,drosser,c2500,t3_22045
875,drosser,c2501,t3_22022
876,TenebraeVision,c2502,t3_22199
877,qiwi,c2503,t3_22187
878,JadeFrogs,c2504,t3_22208
879,ChadRLarson,c2505,t3_21259
880,wyclif,c2506,t3_22242
881,michaelneale,c2508,t3_22118
882,michaelneale,c2509,t3_22187
883,rdtiii,c2510,t1_c2493
884,arakyd,c2511,t1_c2504
885,[deleted],c2512,t3_22199
886,[deleted],c2513,t1_c2509
887,mattknox,c2514,t1_c2498
888,mattknox,c2515,t1_c2495
889,binladen,c2516,t3_22199
890,michaelneale,c2517,t1_c2513
891,hopper,c2518,t1_c2431
892,chu,c2519,t1_c2510
893,ehcolem,c2520,t3_22114
894,ehcolem,c2521,t3_22208
895,[deleted],c2522,t1_c2515
896,rdtiii,c2523,t1_c2519
897,brinkost,c2524,t1_c2516
898,[deleted],c2525,t1_c2490
899,alexander,c2526,t1_c2481
900,allenbrunson,c2527,t1_c2502
901,[deleted],c2528,t1_c2471
902,tarun,c2529,t3_22226
903,radikal,c2530,t3_22049
904,raldi,c2531,t1_c2480
905,radikal,c2532,t3_22279
906,bjkeefe,c2533,t3_21918
907,[deleted],c2534,t1_c2520
908,isaacharley,c2535,t3_21259
909,rubyfan,c2536,t1_c2472
910,brendankohler,c2537,t1_c2513
911,mleonhard,c2538,t3_22228
912,Angelo,c2539,t3_22299
913,TheCookieMonster,c2540,t1_c2440
914,sidhu29,c2541,t3_22301
915,[deleted],c2542,t1_c2508
916,allenbrunson,c2543,t1_c2527
917,rubicon,c2544,t3_22242
918,lupin_sansei,c2547,t3_22276
919,dand,c2548,t1_c2497
920,Stiv,c2549,t3_21808
921,yobayoba,c2550,t3_22330
922,yobayoba,c2551,t3_22178
923,binladen,c2552,t1_c2524
924,[deleted],c2553,t1_c2469
925,zhyla,c2554,t1_c2513
926,[deleted],c2555,t1_c2502
927,[deleted],c2556,t3_22309
928,fnord123,c2557,t1_c2485
929,beza1e1,c2558,t1_c2556
930,beza1e1,c2560,t1_c2538
931,[deleted],c2561,t3_22253
932,[deleted],c2562,t3_22308
933,chu,c2563,t1_c2523
934,jcage,c2564,t3_22308
935,rdtietjen,c2565,t3_22364
936,[deleted],c2566,t3_22187
937,JonathanGCohen,c2567,t3_22369
938,rubicon,c2568,t3_22347
939,[deleted],c2569,t1_c2537
940,[deleted],c2570,t3_22364
941,[deleted],c2571,t1_c2554
942,raldi,c2572,t3_22199
943,rdtiii,c2573,t1_c2563
944,spolsky,c2574,t1_c2564
945,hnautiyal,c2576,t1_c2480
946,darrint,c2577,t3_22175
947,JonathanGCohen,c2578,t3_22385
948,e40,c2580,t3_22367
949,[deleted],c2581,t1_c2564
950,e40,c2582,t3_22343
951,mss,c2583,t3_22199
952,KishCom,c2584,t1_c2561
953,patilvinayak,c2585,t3_13218
954,cg84,c2586,t3_22361
955,cg84,c2587,t3_22393
956,mattknox,c2588,t1_c2583
957,akkartik,c2589,t3_22050
958,mattknox,c2590,t1_c2588
959,sketerpot,c2591,t1_c2461
960,arakyd,c2592,t1_c2583
961,Zarutian,c2593,t3_22389
962,vukan,c2594,t3_22330
963,mckirkus,c2595,t3_22323
964,bolinfest,c2596,t3_22199
965,binladen,c2597,t1_c2596
966,[deleted],c2598,t3_22347
967,mattknox,c2599,t1_c2596
968,Schwallex,c2601,t1_c2544
969,sketerpot,c2602,t1_c2588
970,mattknox,c2603,t1_c2522
971,Luc,c2604,t3_22375
972,beza1e1,c2605,t3_22374
973,[deleted],c2606,t3_22262
974,mattknox,c2607,t1_c2372
975,martin77,c2608,t3_22406
976,rafuzo,c2609,t3_22228
977,[deleted],c2610,t3_22147
978,mnemonicsloth,c2611,t1_c2520
979,chu,c2612,t1_c2573
980,[deleted],c2613,t1_c2593
981,khodel,c2614,t3_22209
982,[deleted],c2615,t3_22253
983,bolinfest,c2616,t1_c2599
984,michaelneale,c2617,t1_c2574
985,michaelneale,c2618,t3_22348
986,jramos95,c2619,t3_21259
987,dabbler,c2620,t3_22375
988,mattknox,c2621,t1_c2616
989,ragesoss,c2623,t3_22323
990,[deleted],c2624,t3_16070
991,[deleted],c2625,t3_22453
992,rdtiii,c2626,t1_c2612
993,MrCalifornia,c2627,t3_22228
994,brendankohler,c2628,t1_c2569
995,mattknox,c2629,t1_c2587
996,[deleted],c2630,t3_22451
997,chu,c2631,t1_c2626
998,andrewl,c2632,t3_22432
999,rdtiii,c2633,t1_c2631
1000,MrCalifornia,c2634,t3_22090
1001,mt33,c2635,t3_22242
1002,heidola,c2636,t3_22244
1003,[deleted],c2638,t1_c2618
1004,davidw,c2639,t3_22361
1005,[deleted],c2640,t3_22361
1006,symbiont,c2641,t1_c2620
1007,symbiont,c2642,t1_c2181
1008,infinitemonkey,c2643,t3_22482
1009,xann,c2644,t3_21259
1010,symbiont,c2645,t3_22409
1011,symbiont,c2646,t3_22242
1012,guytam,c2647,t3_13218
1013,dipfan,c2648,t1_c2604
1014,gabe0505,c2649,t3_22466
1015,soegaard,c2650,t3_22493
1016,chu,c2651,t3_22389
1017,anne,c2652,t3_21259
1018,grayprog,c2655,t3_22489
1019,JohnKnight,c2656,t3_22499
1020,[deleted],c2657,t1_c2628
1021,cboshuizen,c2658,t3_22361
1022,karcass,c2659,t3_22097
1023,JonathanGCohen,c2660,t3_22524
1024,[deleted],c2661,t3_22524
1025,JonathanGCohen,c2662,t3_22525
1026,bolinfest,c2663,t1_c2621
1027,e40,c2664,t3_22522
1028,e40,c2665,t3_22517
1029,[deleted],c2668,t1_c2664
1030,TronXD,c2669,t3_22536
1031,[deleted],c2670,t3_22389
1032,fnord123,c2671,t3_22389
1033,jimdesu,c2672,t3_22512
1034,sayhar,c2673,t1_c2022
1035,sayhar,c2674,t1_c2548
1036,JonathanGCohen,c2675,t3_22539
1037,sketerpot,c2676,t3_22483
1038,mnemonicsloth,c2677,t3_22148
1039,[deleted],c2678,t3_22543
1040,dp71,c2679,t3_22538
1041,JimThome,c2680,t3_22512
1042,JimThome,c2681,t3_22480
1043,furyg3,c2682,t3_22510
1044,smack,c2683,t1_c2486
1045,chu,c2684,t1_c2677
1046,[deleted],c2685,t3_22542
1047,rhfactor,c2686,t3_22551
1048,[deleted],c2687,t1_c2618
1049,hopper,c2688,t1_c2638
1050,TronXD,c2689,t3_22551
1051,[deleted],c2690,t1_c2638
1052,diamond,c2691,t3_22552
1053,sempf,c2692,t1_c2685
1054,michaelneale,c2693,t3_22538
1055,michaelneale,c2694,t1_c2630
1056,Smiley,c2695,t3_22175
1057,wyclif,c2696,t1_c2685
1058,quamaretto,c2697,t3_22557
1059,Smiley,c2698,t1_c2684
1060,Smiley,c2699,t1_c2698
1061,polexa,c2700,t3_22542
1062,[deleted],c2701,t1_c2700
1063,Smiley,c2702,t3_21966
1064,[deleted],c2703,t1_c2680
1065,SuperMac,c2704,t3_22517
1066,Donut,c2705,t3_22551
1067,neilk,c2706,t1_c2703
1068,madmonky1,c2707,t1_c2697
1069,Godfrey_Daniel,c2708,t3_22552
1070,[deleted],c2709,t3_22538
1071,chen,c2710,t3_22564
1072,chefranden,c2711,t1_c2700
1073,lupin_sansei,c2712,t1_c2696
1074,sempf,c2713,t1_c2701
